AD | SOYAD | TC KİMLİK NO | BÖLÜM | SINIF | OKUL NO | CİNSİYET | DOĞUM TARİHİ 
Ahmet | YILDIZ | 54876596832 | Metalurji ve Malzeme Mühendisliği | 3.Sınıf | 1308154638 | Erkek | 2001-11-04 
Sena | ŞENER | 64549351648 | Endüstri Mühendisliği | 2.Sınıf | 1308210089 | Kız | 1999-06-15 
Veli | ÖZTÜRK | 54308457070 | Elektrik Elektronik Mühendisliği | 3.Sınıf | 1309190048 | Erkek | 2001-11-18 
Fatma | TURGUT | 42574358630 | Bilgisayar Mühendisliği | 4. Sınıf | 1306180048 | Kız | 2000-12-26 
Osman | UZUN | 54218445325 | Bilgisayar Mühendisliği | 1.Sınıf | 1306220074 | Erkek | 2002-08-13 
